{"stats":{"minecraft:custom":{"minecraft:time_since_rest":4464,"minecraft:crouch_one_cm":1100,"minecraft:sprint_one_cm":23696,"minecraft:play_time":16335,"minecraft:walk_one_cm":25162,"minecraft:damage_taken":300,"minecraft:deaths":1,"minecraft:sneak_time":230,"minecraft:walk_under_water_one_cm":710,"minecraft:drop":4,"minecraft:jump":196,"minecraft:leave_game":2,"minecraft:time_since_death":4262,"minecraft:walk_on_water_one_cm":387,"minecraft:total_world_time":16335,"minecraft:swim_one_cm":2052,"minecraft:fall_one_cm":8812,"minecraft:fly_one_cm":51599},"minecraft:picked_up":{"ecologics:prickly_pear":3,"iceandfire:fire_lily":3,"alexsmobs:rattlesnake_rattle":2,"rocks:sandstone_splitter":1,"minecraft:sugar_cane":1},"minecraft:mined":{"iceandfire:fire_lily":3,"rocks:sand_rock":1,"minecraft:sugar_cane":1,"ecologics:prickly_pear":1},"minecraft:dropped":{"rocks:sandstone_splitter":1,"ecologics:prickly_pear":3},"minecraft:used":{"alexsmobs:animal_dictionary":1,"iceandfire:fire_lily":3}},"DataVersion":3465}