{"stats":{"minecraft:custom":{"minecraft:mob_kills":9,"minecraft:interact_with_crafting_table":1,"minecraft:interact_with_cartography_table":1,"minecraft:tune_noteblock":3,"minecraft:open_barrel":7,"minecraft:leave_game":2,"minecraft:time_since_death":26219,"minecraft:climb_one_cm":584,"minecraft:time_since_rest":26242,"minecraft:damage_taken":1301,"minecraft:sprint_one_cm":135807,"minecraft:walk_one_cm":104288,"minecraft:drop":7,"minecraft:damage_dealt":2883,"minecraft:play_noteblock":1,"minecraft:swim_one_cm":7188,"minecraft:fly_one_cm":142647,"minecraft:open_chest":7,"minecraft:crouch_one_cm":6307,"minecraft:play_time":52519,"minecraft:deaths":3,"minecraft:sneak_time":2108,"minecraft:walk_under_water_one_cm":1430,"minecraft:jump":715,"minecraft:interact_with_blast_furnace":1,"minecraft:walk_on_water_one_cm":1915,"minecraft:total_world_time":52519,"minecraft:fall_one_cm":24408},"minecraft:mined":{"orcz:orcamanita":1,"minecraft:torch":2,"minecraft:blast_furnace":8,"neapolitan:adzuki_sprouts":2,"minecraft:dead_bush":1,"minecraft:tall_grass":1,"minecraft:oak_planks":1,"ecologics:prickly_pear":1,"minecraft:spawner":2,"minecraft:cactus":1,"orcz:orcagaric":1,"minecraft:iron_ore":1,"minecraft:grass":7,"orcz:blue_orcshroom":2,"minecraft:coal_ore":8,"minecraft:sand":1,"minecraft:oak_leaves":2,"orcz:scrapblock":3},"minecraft:killed":{"minecraft:skeleton":2,"minecraft:zombie":1,"orcz:bigorcboss":1,"orcz:orcsavagemace":1,"orcz:orcsavageweird":1,"orcz:orcsavage_2sword":1,"orcz:snot":1,"orcz:orcshield":1},"minecraft:picked_up":{"orcz:orcteeth":15,"minecraft:potion":2,"paraglider:spirit_orb":4,"minecraft:stone_brick_stairs":1,"minecraft:bone":2,"neapolitan:adzuki_beans":2,"minecraft:wheat_seeds":2,"minecraft:oak_planks":1,"minecraft:raw_iron":1,"minecraft:stick":1,"ecologics:prickly_pear":1,"orcz:skullwandorc":1,"minecraft:torch":2,"minecraft:dandelion":1,"minecraft:sand":2,"orcz:blue_orcshroom":2,"orcz:orchorn":1,"orcz:orcamanita":1,"minecraft:blast_furnace":8,"minecraft:cactus":2,"minecraft:arrow":3,"minecraft:diamond":3,"minecraft:painting":5,"orcz:ironscrap":16,"orcz:orceye":3,"minecraft:coal":6},"minecraft:dropped":{"minecraft:wheat_seeds":1,"ecologics:prickly_pear":1,"minecraft:stick":1,"supplementaries:ash":1,"minecraft:cactus":2,"minecraft:stone_brick_stairs":1,"minecraft:dandelion":1},"minecraft:used":{"minecraft:oak_planks":18,"neapolitan:adzuki_beans":1,"orcz:skullwandorc":3,"minecraft:torch":2,"minecraft:sand":1,"iceandfire:copper_sword":105,"minecraft:painting":3,"minecraft:dark_prismarine":1,"minecraft:bread":11,"minecraft:iron_pickaxe":22,"neapolitan:chocolate_bar":2}},"DataVersion":3465}