{"stats":{"minecraft:killed":{"minecraft:zombie":1},"minecraft:mined":{"minecraft:grass":4,"minecraft:cactus":1,"minecraft:dead_bush":1,"minecraft:sand":1,"ecologics:prickly_pear":1,"minecraft:torch":2},"minecraft:custom":{"minecraft:open_chest":1,"minecraft:time_since_rest":742,"minecraft:crouch_one_cm":2453,"minecraft:damage_taken":492,"minecraft:play_time":25607,"minecraft:sprint_one_cm":38028,"minecraft:deaths":2,"minecraft:walk_one_cm":56625,"minecraft:sneak_time":867,"minecraft:mob_kills":1,"minecraft:walk_under_water_one_cm":107,"minecraft:drop":3,"minecraft:jump":268,"minecraft:damage_dealt":447,"minecraft:leave_game":2,"minecraft:time_since_death":720,"minecraft:walk_on_water_one_cm":582,"minecraft:total_world_time":25607,"minecraft:swim_one_cm":1906,"minecraft:interact_with_crafting_table":1,"minecraft:fall_one_cm":9564,"minecraft:fly_one_cm":54666},"minecraft:dropped":{"ecologics:prickly_pear":1,"minecraft:cactus":2,"minecraft:stick":1},"minecraft:used":{"minecraft:dark_prismarine":1,"minecraft:torch":2,"minecraft:sand":1,"iceandfire:copper_sword":9,"minecraft:oak_planks":14},"minecraft:picked_up":{"minecraft:stick":1,"minecraft:cactus":2,"ecologics:prickly_pear":1,"minecraft:torch":2,"minecraft:sand":1,"minecraft:stone_brick_stairs":1}},"DataVersion":3465}