{"stats":{"minecraft:used":{"bossominium:purerman_boss_spawn_egg":1,"bossominium:cultisager_boss_spawn_egg":1,"bossominium:ruin_boss_spawn_egg":1,"bossominium:fungal_brute_boss_spawn_egg":1,"bossominium:drowned_king_boss_spawn_egg":1,"bossominium:fallarota_boss_spawn_egg":1,"bossominium:chorus_beast_boss_spawn_egg":1,"bossominium:moss_mech_boss_spawn_egg":1,"aquamirae:captain_cornelia_spawn_egg":1,"bossominium:morsemancer_boss_spawn_egg":1},"minecraft:custom":{"minecraft:time_since_rest":2330,"minecraft:crouch_one_cm":202,"minecraft:play_time":7312,"minecraft:sprint_one_cm":15682,"minecraft:walk_one_cm":17712,"minecraft:deaths":1,"minecraft:sneak_time":263,"minecraft:drop":7,"minecraft:jump":61,"minecraft:damage_dealt":33,"minecraft:leave_game":1,"minecraft:walk_on_water_one_cm":509,"minecraft:time_since_death":2305,"minecraft:total_world_time":7312,"minecraft:fall_one_cm":627,"minecraft:fly_one_cm":60981},"minecraft:dropped":{"bossominium:fallarota_boss_spawn_egg":64,"bossominium:moss_mech_boss_spawn_egg":64,"bossominium:fungal_brute_boss_spawn_egg":64,"bossominium:purerman_boss_spawn_egg":64,"bossominium:drowned_king_boss_spawn_egg":64,"bossominium:morsemancer_boss_spawn_egg":64,"bossominium:ruin_boss_spawn_egg":64},"minecraft:picked_up":{"bossominium:mossy_eye":1}},"DataVersion":3465}