{"stats":{"minecraft:used":{"minecraft:ice":82,"minecraft:snow":6},"minecraft:custom":{"minecraft:jump":122,"minecraft:time_since_rest":6905,"minecraft:crouch_one_cm":838,"minecraft:leave_game":2,"minecraft:play_time":6905,"minecraft:sprint_one_cm":9624,"minecraft:time_since_death":6905,"minecraft:walk_on_water_one_cm":827,"minecraft:walk_one_cm":3018,"minecraft:sneak_time":192,"minecraft:total_world_time":6905,"minecraft:walk_under_water_one_cm":418,"minecraft:swim_one_cm":672,"minecraft:drop":1,"minecraft:fly_one_cm":46037},"minecraft:dropped":{"minecraft:snow":1}},"DataVersion":3953}