{"stats":{"minecraft:used":{"minecraft:wooden_sword":3,"minecraft:dirt":1,"minecraft:crafting_table":1},"minecraft:crafted":{"minecraft:wooden_sword":1,"minecraft:acacia_planks":8,"minecraft:crafting_table":1,"minecraft:stick":4},"minecraft:mined":{"minecraft:short_grass":2,"minecraft:acacia_log":2,"minecraft:grass_block":3},"minecraft:picked_up":{"minecraft:acacia_log":2,"minecraft:dirt":2},"minecraft:custom":{"minecraft:time_since_rest":4943,"minecraft:play_time":4943,"minecraft:crouch_one_cm":30,"minecraft:sprint_one_cm":5072,"minecraft:damage_taken":70,"minecraft:walk_one_cm":7739,"minecraft:sneak_time":77,"minecraft:jump":33,"minecraft:damage_dealt":100,"minecraft:time_since_death":4943,"minecraft:total_world_time":4943,"minecraft:interact_with_crafting_table":1,"minecraft:fall_one_cm":1463,"minecraft:fly_one_cm":12581}},"DataVersion":3953}