{"stats":{"minecraft:picked_up":{"minecraft:stick":1,"twigs:twig":2},"minecraft:dropped":{"twigs:twig":2,"minecraft:stick":1},"minecraft:custom":{"minecraft:jump":54,"minecraft:time_since_rest":8710,"minecraft:crouch_one_cm":260,"minecraft:leave_game":1,"minecraft:sprint_one_cm":15224,"minecraft:play_time":8710,"minecraft:damage_taken":110,"minecraft:time_since_death":8710,"minecraft:walk_one_cm":6412,"minecraft:sneak_time":113,"minecraft:total_world_time":8710,"minecraft:fall_one_cm":3451,"minecraft:drop":3,"minecraft:fly_one_cm":7088},"minecraft:mined":{"rocks:oak_stick":1,"twigs:twig":2}},"DataVersion":3465}