{"stats":{"minecraft:mined":{"minecraft:cactus":1,"minecraft:dead_bush":1,"minecraft:sand":1,"ecologics:prickly_pear":1,"minecraft:torch":2},"minecraft:dropped":{"ecologics:prickly_pear":1,"minecraft:cactus":2,"minecraft:stick":1},"minecraft:custom":{"minecraft:time_since_rest":481,"minecraft:deaths":1,"minecraft:crouch_one_cm":2360,"minecraft:play_time":22059,"minecraft:sprint_one_cm":23971,"minecraft:damage_taken":210,"minecraft:walk_one_cm":51721,"minecraft:sneak_time":816,"minecraft:walk_under_water_one_cm":83,"minecraft:drop":3,"minecraft:jump":199,"minecraft:damage_dealt":30,"minecraft:leave_game":1,"minecraft:time_since_death":460,"minecraft:walk_on_water_one_cm":339,"minecraft:total_world_time":22059,"minecraft:swim_one_cm":1425,"minecraft:interact_with_crafting_table":1,"minecraft:fall_one_cm":7983,"minecraft:fly_one_cm":34900},"minecraft:used":{"minecraft:torch":2,"minecraft:sand":1},"minecraft:picked_up":{"minecraft:stick":1,"minecraft:cactus":2,"ecologics:prickly_pear":1,"minecraft:torch":2,"minecraft:sand":1}},"DataVersion":3465}