{"stats":{"minecraft:custom":{"minecraft:time_since_rest":14242,"minecraft:sprint_one_cm":91095,"minecraft:damage_taken":1131,"minecraft:walk_one_cm":86096,"minecraft:mob_kills":7,"minecraft:drop":7,"minecraft:damage_dealt":2484,"minecraft:swim_one_cm":7188,"minecraft:interact_with_crafting_table":1,"minecraft:fly_one_cm":119460,"minecraft:open_chest":6,"minecraft:crouch_one_cm":5560,"minecraft:play_time":40519,"minecraft:deaths":3,"minecraft:sneak_time":1918,"minecraft:walk_under_water_one_cm":1430,"minecraft:jump":609,"minecraft:leave_game":2,"minecraft:walk_on_water_one_cm":1915,"minecraft:time_since_death":14219,"minecraft:total_world_time":40519,"minecraft:fall_one_cm":21771},"minecraft:mined":{"minecraft:cactus":1,"orcz:orcamanita":1,"minecraft:iron_ore":1,"orcz:orcagaric":1,"minecraft:torch":2,"minecraft:grass":7,"orcz:blue_orcshroom":2,"minecraft:coal_ore":2,"neapolitan:adzuki_sprouts":2,"minecraft:dead_bush":1,"minecraft:sand":1,"minecraft:tall_grass":1,"minecraft:oak_planks":1,"orcz:scrapblock":3,"minecraft:oak_leaves":2,"ecologics:prickly_pear":1},"minecraft:killed":{"minecraft:zombie":1,"orcz:bigorcboss":1,"orcz:orcsavagemace":1,"orcz:orcsavageweird":1,"orcz:orcsavage_2sword":1,"orcz:snot":1,"orcz:orcshield":1},"minecraft:picked_up":{"minecraft:stick":1,"minecraft:raw_iron":1,"orcz:orcteeth":15,"ecologics:prickly_pear":1,"orcz:skullwandorc":1,"minecraft:torch":2,"minecraft:dandelion":1,"orcz:blue_orcshroom":2,"minecraft:sand":2,"minecraft:stone_brick_stairs":1,"orcz:orchorn":1,"orcz:orcamanita":1,"minecraft:cactus":2,"neapolitan:adzuki_beans":2,"minecraft:diamond":3,"minecraft:wheat_seeds":2,"orcz:ironscrap":16,"orcz:orceye":3,"minecraft:oak_planks":1,"minecraft:coal":2},"minecraft:dropped":{"supplementaries:ash":1,"minecraft:wheat_seeds":1,"ecologics:prickly_pear":1,"minecraft:cactus":2,"minecraft:stone_brick_stairs":1,"minecraft:dandelion":1,"minecraft:stick":1},"minecraft:used":{"minecraft:dark_prismarine":1,"minecraft:bread":9,"minecraft:iron_pickaxe":6,"minecraft:oak_planks":18,"neapolitan:adzuki_beans":1,"minecraft:torch":2,"minecraft:sand":1,"iceandfire:copper_sword":90}},"DataVersion":3465}