{"stats":{"minecraft:custom":{"minecraft:time_since_rest":8242,"minecraft:sprint_one_cm":76722,"minecraft:damage_taken":1091,"minecraft:walk_one_cm":72759,"minecraft:mob_kills":1,"minecraft:drop":4,"minecraft:damage_dealt":1018,"minecraft:swim_one_cm":3422,"minecraft:interact_with_crafting_table":1,"minecraft:fly_one_cm":109138,"minecraft:open_chest":1,"minecraft:crouch_one_cm":3763,"minecraft:play_time":34519,"minecraft:deaths":3,"minecraft:sneak_time":1275,"minecraft:walk_under_water_one_cm":235,"minecraft:jump":502,"minecraft:leave_game":2,"minecraft:walk_on_water_one_cm":1180,"minecraft:time_since_death":8219,"minecraft:total_world_time":34519,"minecraft:fall_one_cm":19803},"minecraft:mined":{"minecraft:cactus":1,"minecraft:torch":2,"minecraft:grass":7,"neapolitan:adzuki_sprouts":2,"minecraft:dead_bush":1,"minecraft:sand":1,"minecraft:tall_grass":1,"minecraft:oak_planks":1,"minecraft:oak_leaves":1,"ecologics:prickly_pear":1},"minecraft:killed":{"minecraft:zombie":1},"minecraft:picked_up":{"minecraft:stick":1,"ecologics:prickly_pear":1,"minecraft:torch":2,"minecraft:sand":1,"minecraft:stone_brick_stairs":1,"minecraft:cactus":2,"neapolitan:adzuki_beans":2,"minecraft:wheat_seeds":2,"minecraft:oak_planks":1},"minecraft:dropped":{"minecraft:wheat_seeds":1,"ecologics:prickly_pear":1,"minecraft:cactus":2,"minecraft:stick":1},"minecraft:used":{"minecraft:dark_prismarine":1,"minecraft:bread":4,"minecraft:oak_planks":17,"neapolitan:adzuki_beans":1,"minecraft:torch":2,"minecraft:sand":1,"iceandfire:copper_sword":30}},"DataVersion":3465}