{"stats":{"minecraft:mined":{"minecraft:cactus":1,"minecraft:dead_bush":1,"minecraft:sand":1,"minecraft:torch":2},"minecraft:dropped":{"ecologics:prickly_pear":1,"minecraft:cactus":2,"minecraft:stick":1},"minecraft:custom":{"minecraft:time_since_rest":14705,"minecraft:crouch_one_cm":1751,"minecraft:play_time":14705,"minecraft:sprint_one_cm":22060,"minecraft:damage_taken":90,"minecraft:walk_one_cm":27882,"minecraft:sneak_time":607,"minecraft:walk_under_water_one_cm":83,"minecraft:drop":3,"minecraft:jump":167,"minecraft:damage_dealt":30,"minecraft:time_since_death":14705,"minecraft:walk_on_water_one_cm":339,"minecraft:total_world_time":14705,"minecraft:swim_one_cm":1425,"minecraft:interact_with_crafting_table":1,"minecraft:fall_one_cm":6430,"minecraft:fly_one_cm":31268},"minecraft:used":{"minecraft:torch":2,"minecraft:sand":1},"minecraft:picked_up":{"minecraft:stick":1,"minecraft:cactus":2,"ecologics:prickly_pear":1,"minecraft:torch":2,"minecraft:sand":1}},"DataVersion":3465}