{"stats":{"minecraft:used":{"minecraft:wooden_sword":3,"minecraft:dirt":1,"minecraft:crafting_table":1},"minecraft:crafted":{"minecraft:wooden_sword":1,"minecraft:acacia_planks":8,"minecraft:crafting_table":1,"minecraft:stick":4},"minecraft:mined":{"minecraft:short_grass":10,"minecraft:acacia_log":2,"minecraft:grass_block":3,"minecraft:tall_grass":6},"minecraft:picked_up":{"minecraft:rotten_flesh":2,"minecraft:arrow":1,"minecraft:bone":5,"minecraft:wheat_seeds":5,"minecraft:acacia_log":2,"minecraft:ink_sac":1,"minecraft:gunpowder":2,"minecraft:dirt":2},"minecraft:dropped":{"minecraft:rotten_flesh":2,"minecraft:wheat_seeds":1,"minecraft:arrow":1,"minecraft:gunpowder":1,"minecraft:ink_sac":1,"minecraft:bone":5},"minecraft:custom":{"minecraft:time_since_rest":2540,"minecraft:play_time":10608,"minecraft:crouch_one_cm":121,"minecraft:sprint_one_cm":77589,"minecraft:deaths":3,"minecraft:damage_taken":10723,"minecraft:walk_one_cm":51847,"minecraft:sneak_time":91,"minecraft:walk_under_water_one_cm":2479,"minecraft:drop":7,"minecraft:jump":186,"minecraft:damage_dealt":216,"minecraft:leave_game":1,"minecraft:walk_on_water_one_cm":10432,"minecraft:time_since_death":2517,"minecraft:total_world_time":10608,"minecraft:swim_one_cm":11129,"minecraft:interact_with_crafting_table":1,"minecraft:fall_one_cm":108386,"minecraft:fly_one_cm":81597},"minecraft:killed_by":{"minecraft:skeleton":1}},"DataVersion":3953}