{"stats":{"minecraft:mined":{"minecraft:hay_block":37,"minecraft:crafting_table":1,"minecraft:grass":1,"minecraft:oak_log":4,"rocks:sand_rock":1,"minecraft:oak_leaves":2,"ecologics:prickly_pear":1},"minecraft:dropped":{"minecraft:gunpowder":4,"alexsmobs:animal_dictionary":1},"minecraft:custom":{"minecraft:time_since_rest":4672,"minecraft:sprint_one_cm":34012,"minecraft:damage_taken":180,"minecraft:walk_one_cm":21251,"minecraft:drop":2,"minecraft:damage_dealt":30,"minecraft:interact_with_crafting_table":3,"minecraft:fly_one_cm":43509,"minecraft:open_chest":1,"minecraft:crouch_one_cm":273,"minecraft:play_time":16342,"minecraft:sneak_time":238,"minecraft:jump":177,"minecraft:time_since_death":16342,"minecraft:walk_on_water_one_cm":356,"minecraft:sleep_in_bed":1,"minecraft:total_world_time":16342,"minecraft:fall_one_cm":6028},"minecraft:used":{"minecraft:bread":5,"minecraft:crafting_table":1,"alexsmobs:animal_dictionary":2},"minecraft:picked_up":{"minecraft:crafting_table":1,"ecologics:prickly_pear":1,"minecraft:sand":2,"minecraft:oak_log":4,"rocks:sandstone_splitter":1,"minecraft:gunpowder":5,"minecraft:string":2,"minecraft:spider_eye":1,"alexsmobs:animal_dictionary":1,"minecraft:bone":1,"minecraft:rotten_flesh":1,"minecraft:gold_nugget":3,"minecraft:hay_block":37,"minecraft:iron_nugget":1,"minecraft:oak_sapling":1,"twigs:twig":5},"minecraft:crafted":{"minecraft:oak_planks":16,"minecraft:crafting_table":1,"minecraft:stick":10,"minecraft:bread":14,"minecraft:wheat":234}},"DataVersion":3465}