{"stats":{"minecraft:dropped":{"iceandfire:raw_silver":1,"minecraft:wheat_seeds":4,"minecraft:lapis_lazuli":4,"graveyard:torso_pile":2,"minecraft:golden_horse_armor":1,"orcz:blue_orcshroom":5,"graveyard:skull_on_pike":2,"twigs:pebble":1,"rocks:cobblestone_splitter":1,"butchersdelight:skullcow":1,"minecraft:torch":1,"iceandfire:silver_sword":1,"minecraft:wither_rose":1,"alexsmobs:gazelle_horn":1,"minecraft:iron_nugget":7,"alexsmobs:animal_dictionary":1,"graveyard:laterally_lying_skeleton":1,"butchersdelight:cleaver":1,"alexsmobs:emu_egg":1,"orcz:orcshroom":1,"orcz:ironscrap":15,"graveyard:skeleton_hand":2,"rocks:sandstone_splitter":1,"iceandfire:ghost_chest":1,"minecraft:gunpowder":4,"iceandfire:copper_sword":2,"alexsmobs:guster_eye":2,"butchersdelight:hook":1,"minecraft:arrow":4,"graveyard:bone_remains":1},"minecraft:crafted":{"minecraft:oak_planks":48,"minecraft:iron_nugget":9,"minecraft:stone_pickaxe":1,"minecraft:wheat":270,"sophisticatedbackpacks:backpack":1,"butchersdelight:hook":1,"minecraft:crafting_table":3,"minecraft:wooden_pickaxe":1,"minecraft:hay_block":21,"butchersdelight:cleaver":1,"minecraft:stone_axe":1,"minecraft:bread":27,"minecraft:shield":1,"minecraft:stick":10,"minecraft:gold_ingot":18,"minecraft:torch":16},"minecraft:mined":{"minecraft:red_carpet":3,"minecraft:stone_pressure_plate":1,"iceandfire:silver_ore":4,"minecraft:cobbled_deepslate_stairs":2,"minecraft:jungle_log":67,"rocks:rock":1,"minecraft:mangrove_propagule":1,"minecraft:sandstone":9,"ecologics:prickly_pear":1,"minecraft:hay_block":83,"rocks:acacia_stick":1,"minecraft:iron_ore":4,"minecraft:deepslate_brick_stairs":2,"butchersdelight:skullcow":1,"minecraft:stone":19,"orcz:scrapblock":6,"minecraft:green_bed":2,"twigs:pebble":2,"ecologics:pot":10,"minecraft:orange_terracotta":1,"minecraft:crafting_table":6,"minecraft:torch":4,"iceandfire:ghost_chest":2,"minecraft:chest":4,"minecraft:dead_bush":1,"minecraft:campfire":1,"minecraft:tall_grass":3,"minecraft:copper_ore":1,"minecraft:cobblestone":1,"minecraft:sugar_cane":10,"minecraft:wall_torch":8,"minecraft:air":12,"graveyard:vase_block":1,"butchersdelight:deadcowblock":1,"minecraft:wither_rose":2,"minecraft:grass":31,"minecraft:oak_log":14,"butchersdelight:hook":1,"minecraft:coal_ore":37,"rocks:sand_rock":2,"minecraft:cobweb":4,"minecraft:oak_leaves":2},"minecraft:killed":{"minecraft:skeleton":2,"friendsandfoes:mauler":1,"orcz:goblinsavagebomb":1,"orcz:squig":2,"orcz:orcsavagemace":2,"orcz:orcsavageweird":1,"orcz:goblinsavagemace":1,"minecraft:zombie":1,"iceandfire:ghost":5,"alexsmobs:gazelle":1,"orcz:bigorcboss":2,"alexsmobs:rain_frog":1,"orcz:orcsavage_2sword":1,"orcz:snot":15,"orcz:orcshield":1},"minecraft:picked_up":{"minecraft:crafting_table":6,"iceandfire:copper_sword":3,"minecraft:gold_block":2,"minecraft:wither_rose":3,"graveyard:laterally_lying_skeleton":1,"iceandfire:manuscript":6,"alexsmobs:gazelle_horn":1,"minecraft:string":15,"minecraft:raw_copper":2,"minecraft:iron_leggings":1,"butchersdelight:cleaver":1,"butchersdelight:dead_cow":6,"iceandfire:graveyard_soil":2,"minecraft:gold_nugget":22,"twigs:pebble":3,"minecraft:beef":20,"minecraft:iron_nugget":8,"minecraft:chest":4,"minecraft:sugar_cane":27,"minecraft:raw_iron":4,"minecraft:stick":1,"minecraft:sandstone":18,"iceandfire:ghost_chest":2,"minecraft:torch":13,"minecraft:green_bed":2,"orcz:orchorn":2,"orcz:squigs_claws":2,"rocks:sandstone_splitter":2,"minecraft:iron_horse_armor":1,"minecraft:stone_pressure_plate":1,"botania:black_lotus":2,"minecraft:rotten_flesh":19,"minecraft:arrow":5,"minecraft:honey_bottle":3,"orcz:orcshroom":3,"minecraft:hay_block":83,"alexsmobs:emu_egg":2,"minecraft:gold_ingot":2,"minecraft:deepslate_brick_stairs":2,"minecraft:mutton":1,"minecraft:cobblestone":20,"orcz:orcteeth":28,"paraglider:spirit_orb":2,"minecraft:oak_log":12,"minecraft:chainmail_chestplate":1,"iceandfire:ectoplasm":4,"minecraft:cobbled_deepslate_stairs":2,"minecraft:gunpowder":15,"minecraft:orange_terracotta":1,"minecraft:red_carpet":3,"minecraft:bone":38,"minecraft:wheat_seeds":6,"minecraft:iron_ingot":9,"minecraft:cobweb":5,"twigs:twig":5,"ecologics:prickly_pear":1,"orcz:skullwandorc":1,"orcz:orcagaric":4,"butchersdelight:skullcow":7,"butchersdelight:cow_hide":5,"minecraft:sand":11,"orcz:blue_orcshroom":10,"minecraft:spider_eye":5,"alexsmobs:animal_dictionary":1,"alexsmobs:guster_eye":4,"minecraft:diamond":12,"iceandfire:silver_sword":2,"minecraft:golden_apple":2,"minecraft:golden_horse_armor":2,"orcz:ironscrap":39,"butchersdelight:hook":2,"minecraft:oak_sapling":1,"orcz:orceye":1,"rocks:cobblestone_splitter":1,"minecraft:coal":37,"iceandfire:raw_silver":5},"minecraft:broken":{"minecraft:stone_axe":1},"minecraft:used":{"minecraft:shield":3,"butchersdelight:hook":1,"orcz:skullwandorc":2,"minecraft:rotten_flesh":2,"minecraft:torch":12,"minecraft:mutton":1,"iceandfire:copper_sword":163,"minecraft:chainmail_chestplate":7,"ecologics:prickly_pear":1,"butchersdelight:cleaver":2,"minecraft:red_carpet":3,"minecraft:stone_pickaxe":111,"minecraft:oak_planks":4,"minecraft:leather_chestplate":7,"minecraft:wooden_pickaxe":3,"minecraft:green_bed":2,"butchersdelight:skullcow":1,"minecraft:crafting_table":8,"minecraft:bread":31,"minecraft:stone_axe":119,"minecraft:cobblestone":14,"alexsmobs:animal_dictionary":2,"minecraft:cobweb":4},"minecraft:custom":{"minecraft:mob_kills":38,"minecraft:interact_with_crafting_table":18,"minecraft:open_barrel":1,"minecraft:damage_dealt_resisted":276,"minecraft:leave_game":1,"minecraft:time_since_death":10170,"minecraft:climb_one_cm":860,"minecraft:sprint_one_cm":382057,"minecraft:walk_one_cm":154806,"minecraft:damage_blocked_by_shield":150,"minecraft:drop":34,"minecraft:talked_to_villager":1,"minecraft:play_time":129008,"minecraft:deaths":8,"minecraft:sneak_time":3528,"minecraft:walk_under_water_one_cm":1855,"minecraft:jump":2074,"minecraft:interact_with_brewingstand":1,"minecraft:walk_on_water_one_cm":8864,"minecraft:total_world_time":129008,"minecraft:sleep_in_bed":7,"minecraft:time_since_rest":10195,"minecraft:damage_taken":3245,"minecraft:trigger_trapped_chest":2,"minecraft:damage_dealt":6755,"minecraft:swim_one_cm":18797,"minecraft:fly_one_cm":494557,"minecraft:open_chest":31,"minecraft:crouch_one_cm":3949,"minecraft:fall_one_cm":66171}},"DataVersion":3465}