{"stats":{"minecraft:dropped":{"iceandfire:raw_silver":1,"minecraft:iron_nugget":7,"alexsmobs:animal_dictionary":1,"graveyard:torso_pile":2,"minecraft:golden_horse_armor":1,"graveyard:laterally_lying_skeleton":1,"butchersdelight:cleaver":1,"graveyard:skull_on_pike":2,"graveyard:skeleton_hand":2,"rocks:sandstone_splitter":1,"butchersdelight:skullcow":1,"minecraft:gunpowder":4,"iceandfire:copper_sword":1,"minecraft:torch":1,"iceandfire:silver_sword":1,"minecraft:wither_rose":1,"graveyard:bone_remains":1},"minecraft:crafted":{"minecraft:oak_planks":48,"sophisticatedbackpacks:backpack":1,"butchersdelight:hook":1,"minecraft:iron_nugget":9,"minecraft:crafting_table":2,"minecraft:wooden_pickaxe":1,"butchersdelight:cleaver":1,"minecraft:hay_block":21,"minecraft:stone_axe":1,"minecraft:bread":27,"minecraft:stick":10,"minecraft:stone_pickaxe":1,"minecraft:torch":16,"minecraft:wheat":270},"minecraft:mined":{"twigs:pebble":1,"minecraft:stone_pressure_plate":1,"iceandfire:silver_ore":4,"ecologics:pot":10,"minecraft:cobbled_deepslate_stairs":2,"minecraft:orange_terracotta":1,"minecraft:crafting_table":5,"minecraft:torch":4,"iceandfire:ghost_chest":1,"minecraft:chest":4,"minecraft:jungle_log":67,"minecraft:dead_bush":1,"minecraft:copper_ore":1,"minecraft:tall_grass":3,"minecraft:sugar_cane":10,"minecraft:sandstone":9,"minecraft:mangrove_propagule":1,"minecraft:wall_torch":8,"ecologics:prickly_pear":1,"minecraft:air":12,"minecraft:hay_block":83,"graveyard:vase_block":1,"butchersdelight:deadcowblock":1,"rocks:acacia_stick":1,"minecraft:iron_ore":2,"minecraft:wither_rose":1,"minecraft:grass":6,"butchersdelight:hook":1,"minecraft:coal_ore":33,"minecraft:oak_log":14,"minecraft:deepslate_brick_stairs":2,"minecraft:cobweb":4,"rocks:sand_rock":2,"butchersdelight:skullcow":1,"minecraft:stone":19,"minecraft:oak_leaves":2,"minecraft:green_bed":2},"minecraft:killed":{"minecraft:skeleton":2,"minecraft:zombie":1,"iceandfire:ghost":2,"alexsmobs:gazelle":1,"alexsmobs:rain_frog":1},"minecraft:picked_up":{"minecraft:crafting_table":5,"iceandfire:copper_sword":2,"minecraft:wither_rose":2,"paraglider:spirit_orb":2,"minecraft:oak_log":12,"iceandfire:ectoplasm":2,"minecraft:cobbled_deepslate_stairs":2,"minecraft:gunpowder":15,"graveyard:laterally_lying_skeleton":1,"alexsmobs:gazelle_horn":1,"iceandfire:manuscript":6,"minecraft:string":15,"minecraft:raw_copper":2,"minecraft:orange_terracotta":1,"minecraft:bone":38,"butchersdelight:dead_cow":6,"butchersdelight:cleaver":1,"iceandfire:graveyard_soil":2,"minecraft:wheat_seeds":1,"minecraft:gold_nugget":7,"minecraft:iron_ingot":6,"twigs:pebble":1,"minecraft:beef":20,"minecraft:cobweb":5,"minecraft:iron_nugget":8,"twigs:twig":5,"minecraft:sugar_cane":27,"minecraft:chest":4,"minecraft:stick":1,"minecraft:raw_iron":2,"minecraft:sandstone":18,"iceandfire:ghost_chest":1,"ecologics:prickly_pear":1,"minecraft:torch":13,"minecraft:green_bed":2,"butchersdelight:skullcow":7,"butchersdelight:cow_hide":5,"minecraft:sand":11,"rocks:sandstone_splitter":2,"minecraft:stone_pressure_plate":1,"minecraft:spider_eye":5,"minecraft:iron_horse_armor":1,"alexsmobs:animal_dictionary":1,"botania:black_lotus":2,"minecraft:arrow":3,"alexsmobs:guster_eye":2,"minecraft:honey_bottle":3,"minecraft:rotten_flesh":19,"minecraft:diamond":1,"iceandfire:silver_sword":2,"minecraft:hay_block":83,"minecraft:golden_apple":2,"minecraft:golden_horse_armor":2,"minecraft:gold_ingot":2,"minecraft:oak_sapling":1,"butchersdelight:hook":1,"minecraft:mutton":1,"minecraft:deepslate_brick_stairs":2,"minecraft:coal":33,"iceandfire:raw_silver":5,"minecraft:cobblestone":19},"minecraft:broken":{"minecraft:stone_axe":1},"minecraft:used":{"minecraft:stone_pickaxe":96,"minecraft:wooden_pickaxe":3,"butchersdelight:hook":1,"minecraft:green_bed":2,"minecraft:rotten_flesh":2,"minecraft:torch":12,"butchersdelight:skullcow":1,"iceandfire:copper_sword":21,"minecraft:crafting_table":7,"ecologics:prickly_pear":1,"butchersdelight:cleaver":2,"minecraft:bread":24,"minecraft:stone_axe":119,"minecraft:cobblestone":1,"alexsmobs:animal_dictionary":2,"minecraft:cobweb":4},"minecraft:custom":{"minecraft:mob_kills":8,"minecraft:interact_with_crafting_table":14,"minecraft:open_barrel":1,"minecraft:leave_game":1,"minecraft:time_since_death":25383,"minecraft:sleep_in_bed":7,"minecraft:climb_one_cm":268,"minecraft:time_since_rest":291,"minecraft:sprint_one_cm":310031,"minecraft:damage_taken":2076,"minecraft:walk_one_cm":120823,"minecraft:trigger_trapped_chest":2,"minecraft:drop":18,"minecraft:damage_dealt":1971,"minecraft:swim_one_cm":18243,"minecraft:fly_one_cm":397499,"minecraft:talked_to_villager":1,"minecraft:open_chest":19,"minecraft:play_time":105008,"minecraft:crouch_one_cm":790,"minecraft:sneak_time":924,"minecraft:deaths":5,"minecraft:walk_under_water_one_cm":1813,"minecraft:interact_with_brewingstand":1,"minecraft:jump":1633,"minecraft:walk_on_water_one_cm":7312,"minecraft:total_world_time":105008,"minecraft:fall_one_cm":52620}},"DataVersion":3465}