{"stats":{"minecraft:custom":{"minecraft:mob_kills":4,"minecraft:interact_with_crafting_table":9,"minecraft:time_since_death":2649,"minecraft:sleep_in_bed":5,"minecraft:time_since_rest":2674,"minecraft:sprint_one_cm":179594,"minecraft:damage_taken":1480,"minecraft:walk_one_cm":78907,"minecraft:trigger_trapped_chest":2,"minecraft:drop":10,"minecraft:damage_dealt":837,"minecraft:swim_one_cm":7216,"minecraft:fly_one_cm":224702,"minecraft:open_chest":17,"minecraft:crouch_one_cm":404,"minecraft:play_time":63168,"minecraft:deaths":3,"minecraft:sneak_time":448,"minecraft:walk_under_water_one_cm":492,"minecraft:jump":937,"minecraft:walk_on_water_one_cm":5014,"minecraft:total_world_time":63168,"minecraft:fall_one_cm":31289},"minecraft:dropped":{"iceandfire:raw_silver":1,"minecraft:iron_nugget":3,"graveyard:torso_pile":2,"alexsmobs:animal_dictionary":1,"graveyard:laterally_lying_skeleton":1,"graveyard:skull_on_pike":2,"graveyard:skeleton_hand":2,"rocks:sandstone_splitter":1,"minecraft:gunpowder":4,"graveyard:bone_remains":1},"minecraft:used":{"minecraft:stone_pickaxe":88,"minecraft:wooden_pickaxe":3,"minecraft:green_bed":1,"minecraft:rotten_flesh":2,"iceandfire:copper_sword":1,"minecraft:crafting_table":4,"ecologics:prickly_pear":1,"minecraft:bread":15,"minecraft:stone_axe":12,"alexsmobs:animal_dictionary":2},"minecraft:picked_up":{"minecraft:crafting_table":3,"iceandfire:copper_sword":1,"paraglider:spirit_orb":2,"minecraft:wither_rose":1,"minecraft:oak_log":4,"iceandfire:ectoplasm":2,"minecraft:gunpowder":6,"graveyard:laterally_lying_skeleton":1,"iceandfire:manuscript":6,"minecraft:string":5,"minecraft:raw_copper":2,"minecraft:orange_terracotta":1,"minecraft:bone":32,"iceandfire:graveyard_soil":2,"minecraft:gold_nugget":6,"twigs:pebble":1,"minecraft:iron_ingot":6,"minecraft:cobweb":5,"minecraft:iron_nugget":4,"minecraft:chest":3,"twigs:twig":5,"minecraft:sugar_cane":16,"minecraft:raw_iron":2,"minecraft:stick":1,"minecraft:sandstone":9,"iceandfire:ghost_chest":1,"ecologics:prickly_pear":1,"minecraft:green_bed":2,"minecraft:sand":8,"rocks:sandstone_splitter":2,"minecraft:stone_pressure_plate":1,"minecraft:spider_eye":5,"alexsmobs:animal_dictionary":1,"botania:black_lotus":2,"minecraft:arrow":1,"minecraft:honey_bottle":3,"minecraft:rotten_flesh":19,"minecraft:diamond":1,"iceandfire:silver_sword":1,"minecraft:hay_block":73,"minecraft:golden_apple":2,"minecraft:gold_ingot":2,"minecraft:oak_sapling":1,"minecraft:coal":33,"iceandfire:raw_silver":5,"minecraft:cobblestone":19},"minecraft:crafted":{"minecraft:oak_planks":16,"minecraft:crafting_table":2,"minecraft:wooden_pickaxe":1,"minecraft:hay_block":21,"minecraft:stone_axe":1,"minecraft:bread":15,"minecraft:stick":10,"minecraft:stone_pickaxe":1,"minecraft:torch":4,"minecraft:wheat":234},"minecraft:mined":{"minecraft:stone_pressure_plate":1,"twigs:pebble":1,"iceandfire:silver_ore":4,"ecologics:pot":6,"minecraft:orange_terracotta":1,"minecraft:crafting_table":3,"iceandfire:ghost_chest":1,"minecraft:chest":4,"minecraft:dead_bush":1,"minecraft:copper_ore":1,"minecraft:sugar_cane":6,"minecraft:sandstone":9,"ecologics:prickly_pear":1,"minecraft:hay_block":73,"graveyard:vase_block":1,"rocks:acacia_stick":1,"minecraft:iron_ore":2,"minecraft:wither_rose":1,"minecraft:grass":1,"minecraft:coal_ore":33,"minecraft:oak_log":4,"rocks:sand_rock":2,"minecraft:stone":19,"minecraft:oak_leaves":2,"minecraft:green_bed":2},"minecraft:killed":{"minecraft:skeleton":1,"iceandfire:ghost":2}},"DataVersion":3465}