{"stats":{"minecraft:mined":{"minecraft:hay_block":73,"twigs:pebble":1,"iceandfire:silver_ore":3,"minecraft:crafting_table":2,"minecraft:grass":1,"minecraft:coal_ore":1,"minecraft:oak_log":4,"minecraft:dead_bush":1,"rocks:sand_rock":1,"minecraft:stone":18,"minecraft:sugar_cane":6,"minecraft:oak_leaves":2,"minecraft:green_bed":2,"ecologics:prickly_pear":1},"minecraft:dropped":{"minecraft:gunpowder":4,"alexsmobs:animal_dictionary":1},"minecraft:custom":{"minecraft:time_since_rest":3508,"minecraft:sprint_one_cm":61160,"minecraft:damage_taken":180,"minecraft:walk_one_cm":33834,"minecraft:drop":2,"minecraft:damage_dealt":30,"minecraft:swim_one_cm":4459,"minecraft:interact_with_crafting_table":8,"minecraft:fly_one_cm":85078,"minecraft:open_chest":1,"minecraft:crouch_one_cm":273,"minecraft:play_time":28342,"minecraft:sneak_time":240,"minecraft:walk_under_water_one_cm":276,"minecraft:jump":335,"minecraft:time_since_death":28342,"minecraft:walk_on_water_one_cm":1163,"minecraft:sleep_in_bed":2,"minecraft:total_world_time":28342,"minecraft:fall_one_cm":11067},"minecraft:used":{"minecraft:bread":7,"minecraft:stone_pickaxe":20,"minecraft:wooden_pickaxe":3,"minecraft:green_bed":1,"minecraft:crafting_table":3,"alexsmobs:animal_dictionary":2},"minecraft:picked_up":{"minecraft:crafting_table":2,"ecologics:prickly_pear":1,"minecraft:green_bed":2,"minecraft:sand":2,"minecraft:oak_log":4,"rocks:sandstone_splitter":1,"minecraft:gunpowder":5,"minecraft:string":2,"minecraft:spider_eye":1,"alexsmobs:animal_dictionary":1,"minecraft:bone":1,"minecraft:rotten_flesh":1,"minecraft:gold_nugget":3,"twigs:pebble":1,"minecraft:hay_block":73,"minecraft:iron_nugget":1,"minecraft:coal":1,"minecraft:oak_sapling":1,"twigs:twig":5,"minecraft:sugar_cane":16,"iceandfire:raw_silver":3,"minecraft:cobblestone":18},"minecraft:crafted":{"minecraft:oak_planks":16,"minecraft:crafting_table":2,"minecraft:stick":10,"minecraft:wooden_pickaxe":1,"minecraft:stone_pickaxe":1,"minecraft:hay_block":21,"minecraft:bread":15,"minecraft:wheat":234}},"DataVersion":3465}