{"stats":{"minecraft:custom":{"minecraft:time_since_rest":12054,"minecraft:sprint_one_cm":139632,"minecraft:damage_taken":685,"minecraft:walk_one_cm":62094,"minecraft:trigger_trapped_chest":1,"minecraft:mob_kills":1,"minecraft:drop":3,"minecraft:damage_dealt":217,"minecraft:swim_one_cm":7216,"minecraft:interact_with_crafting_table":8,"minecraft:fly_one_cm":167120,"minecraft:open_chest":1,"minecraft:crouch_one_cm":351,"minecraft:play_time":51168,"minecraft:sneak_time":388,"minecraft:walk_under_water_one_cm":492,"minecraft:jump":715,"minecraft:time_since_death":51168,"minecraft:walk_on_water_one_cm":3682,"minecraft:sleep_in_bed":4,"minecraft:total_world_time":51168,"minecraft:fall_one_cm":24088},"minecraft:dropped":{"minecraft:gunpowder":4,"alexsmobs:animal_dictionary":1,"graveyard:laterally_lying_skeleton":1},"minecraft:used":{"minecraft:stone_pickaxe":71,"minecraft:bread":15,"minecraft:wooden_pickaxe":3,"minecraft:green_bed":1,"minecraft:rotten_flesh":2,"minecraft:crafting_table":3,"alexsmobs:animal_dictionary":2},"minecraft:picked_up":{"minecraft:crafting_table":2,"minecraft:stick":1,"minecraft:raw_iron":2,"ecologics:prickly_pear":1,"minecraft:green_bed":2,"minecraft:wither_rose":1,"minecraft:sand":5,"minecraft:oak_log":4,"rocks:sandstone_splitter":1,"minecraft:gunpowder":6,"graveyard:laterally_lying_skeleton":1,"minecraft:spider_eye":2,"alexsmobs:animal_dictionary":1,"minecraft:string":5,"minecraft:raw_copper":2,"minecraft:bone":2,"minecraft:rotten_flesh":3,"minecraft:gold_nugget":5,"twigs:pebble":1,"minecraft:hay_block":73,"minecraft:iron_nugget":3,"minecraft:oak_sapling":1,"twigs:twig":5,"minecraft:sugar_cane":16,"minecraft:coal":33,"minecraft:cobblestone":19,"iceandfire:raw_silver":4},"minecraft:crafted":{"minecraft:oak_planks":16,"minecraft:crafting_table":2,"minecraft:stick":10,"minecraft:wooden_pickaxe":1,"minecraft:stone_pickaxe":1,"minecraft:hay_block":21,"minecraft:wheat":234,"minecraft:bread":15},"minecraft:mined":{"minecraft:hay_block":73,"twigs:pebble":1,"ecologics:pot":5,"iceandfire:silver_ore":4,"rocks:acacia_stick":1,"minecraft:iron_ore":2,"minecraft:wither_rose":1,"minecraft:crafting_table":2,"minecraft:grass":1,"minecraft:oak_log":4,"minecraft:coal_ore":33,"minecraft:dead_bush":1,"rocks:sand_rock":1,"minecraft:copper_ore":1,"minecraft:stone":19,"minecraft:sugar_cane":6,"minecraft:oak_leaves":2,"minecraft:green_bed":2,"ecologics:prickly_pear":1}},"DataVersion":3465}