{"stats":{"minecraft:dropped":{"iceandfire:raw_silver":1,"graveyard:torso_pile":2,"minecraft:golden_horse_armor":1,"graveyard:skull_on_pike":2,"rocks:cobblestone_splitter":1,"butchersdelight:skullcow":1,"minecraft:torch":1,"iceandfire:silver_sword":1,"minecraft:wither_rose":1,"alexsmobs:gazelle_horn":1,"minecraft:iron_nugget":7,"alexsmobs:animal_dictionary":1,"graveyard:laterally_lying_skeleton":1,"butchersdelight:cleaver":1,"graveyard:skeleton_hand":2,"rocks:sandstone_splitter":1,"iceandfire:ghost_chest":1,"minecraft:gunpowder":4,"iceandfire:copper_sword":1,"minecraft:arrow":2,"graveyard:bone_remains":1},"minecraft:crafted":{"minecraft:oak_planks":48,"minecraft:iron_nugget":9,"minecraft:stone_pickaxe":1,"minecraft:wheat":270,"sophisticatedbackpacks:backpack":1,"butchersdelight:hook":1,"minecraft:crafting_table":3,"minecraft:wooden_pickaxe":1,"minecraft:hay_block":21,"butchersdelight:cleaver":1,"minecraft:stone_axe":1,"minecraft:bread":27,"minecraft:shield":1,"minecraft:stick":10,"minecraft:torch":16},"minecraft:mined":{"minecraft:red_carpet":3,"minecraft:stone_pressure_plate":1,"iceandfire:silver_ore":4,"minecraft:cobbled_deepslate_stairs":2,"minecraft:jungle_log":67,"rocks:rock":1,"minecraft:mangrove_propagule":1,"minecraft:sandstone":9,"ecologics:prickly_pear":1,"minecraft:hay_block":83,"rocks:acacia_stick":1,"minecraft:iron_ore":3,"minecraft:deepslate_brick_stairs":2,"butchersdelight:skullcow":1,"minecraft:stone":19,"orcz:scrapblock":3,"minecraft:green_bed":2,"twigs:pebble":1,"ecologics:pot":10,"minecraft:orange_terracotta":1,"minecraft:crafting_table":6,"minecraft:torch":4,"iceandfire:ghost_chest":2,"minecraft:chest":4,"minecraft:dead_bush":1,"minecraft:campfire":1,"minecraft:tall_grass":3,"minecraft:copper_ore":1,"minecraft:sugar_cane":10,"minecraft:wall_torch":8,"minecraft:air":12,"graveyard:vase_block":1,"butchersdelight:deadcowblock":1,"minecraft:wither_rose":2,"minecraft:grass":21,"minecraft:oak_log":14,"butchersdelight:hook":1,"minecraft:coal_ore":35,"rocks:sand_rock":2,"minecraft:cobweb":4,"minecraft:oak_leaves":2},"minecraft:killed":{"minecraft:skeleton":2,"orcz:goblinsavagebomb":1,"orcz:squig":1,"orcz:orcsavagemace":1,"orcz:orcsavageweird":1,"orcz:goblinsavagemace":1,"minecraft:zombie":1,"iceandfire:ghost":2,"alexsmobs:gazelle":1,"alexsmobs:rain_frog":1,"orcz:orcsavage_2sword":1,"orcz:snot":2,"orcz:orcshield":1},"minecraft:picked_up":{"minecraft:crafting_table":6,"iceandfire:copper_sword":2,"minecraft:wither_rose":3,"graveyard:laterally_lying_skeleton":1,"iceandfire:manuscript":6,"alexsmobs:gazelle_horn":1,"minecraft:string":15,"minecraft:raw_copper":2,"minecraft:iron_leggings":1,"butchersdelight:cleaver":1,"butchersdelight:dead_cow":6,"iceandfire:graveyard_soil":2,"minecraft:gold_nugget":22,"twigs:pebble":1,"minecraft:beef":20,"minecraft:iron_nugget":8,"minecraft:chest":4,"minecraft:sugar_cane":27,"minecraft:raw_iron":3,"minecraft:stick":1,"minecraft:sandstone":18,"iceandfire:ghost_chest":2,"minecraft:torch":13,"minecraft:green_bed":2,"rocks:sandstone_splitter":2,"minecraft:iron_horse_armor":1,"minecraft:stone_pressure_plate":1,"botania:black_lotus":2,"minecraft:rotten_flesh":19,"minecraft:arrow":5,"minecraft:honey_bottle":3,"minecraft:hay_block":83,"alexsmobs:emu_egg":1,"minecraft:gold_ingot":2,"minecraft:deepslate_brick_stairs":2,"minecraft:mutton":1,"minecraft:cobblestone":19,"paraglider:spirit_orb":2,"minecraft:oak_log":12,"minecraft:chainmail_chestplate":1,"iceandfire:ectoplasm":3,"minecraft:cobbled_deepslate_stairs":2,"minecraft:gunpowder":15,"minecraft:orange_terracotta":1,"minecraft:red_carpet":3,"minecraft:bone":38,"minecraft:wheat_seeds":2,"minecraft:iron_ingot":9,"minecraft:cobweb":5,"twigs:twig":5,"ecologics:prickly_pear":1,"butchersdelight:skullcow":7,"butchersdelight:cow_hide":5,"minecraft:sand":11,"orcz:blue_orcshroom":1,"minecraft:spider_eye":5,"alexsmobs:animal_dictionary":1,"alexsmobs:guster_eye":2,"minecraft:diamond":1,"iceandfire:silver_sword":2,"minecraft:golden_apple":2,"minecraft:golden_horse_armor":2,"orcz:ironscrap":8,"butchersdelight:hook":1,"minecraft:oak_sapling":1,"rocks:cobblestone_splitter":1,"minecraft:coal":35,"iceandfire:raw_silver":5},"minecraft:broken":{"minecraft:stone_axe":1},"minecraft:used":{"butchersdelight:hook":1,"minecraft:rotten_flesh":2,"minecraft:torch":12,"iceandfire:copper_sword":100,"minecraft:chainmail_chestplate":7,"ecologics:prickly_pear":1,"butchersdelight:cleaver":2,"minecraft:red_carpet":3,"minecraft:stone_pickaxe":104,"minecraft:leather_chestplate":7,"minecraft:wooden_pickaxe":3,"minecraft:green_bed":2,"butchersdelight:skullcow":1,"minecraft:crafting_table":8,"minecraft:bread":27,"minecraft:stone_axe":119,"minecraft:cobblestone":10,"alexsmobs:animal_dictionary":2,"minecraft:cobweb":4},"minecraft:custom":{"minecraft:mob_kills":17,"minecraft:interact_with_crafting_table":18,"minecraft:open_barrel":1,"minecraft:damage_dealt_resisted":96,"minecraft:leave_game":1,"minecraft:time_since_death":3030,"minecraft:climb_one_cm":860,"minecraft:sprint_one_cm":353974,"minecraft:walk_one_cm":134987,"minecraft:drop":22,"minecraft:talked_to_villager":1,"minecraft:play_time":117008,"minecraft:deaths":7,"minecraft:sneak_time":2527,"minecraft:walk_under_water_one_cm":1855,"minecraft:jump":1914,"minecraft:interact_with_brewingstand":1,"minecraft:walk_on_water_one_cm":7776,"minecraft:total_world_time":117008,"minecraft:sleep_in_bed":7,"minecraft:time_since_rest":3054,"minecraft:damage_taken":2734,"minecraft:trigger_trapped_chest":2,"minecraft:damage_dealt":4864,"minecraft:swim_one_cm":18797,"minecraft:fly_one_cm":459502,"minecraft:open_chest":24,"minecraft:crouch_one_cm":1779,"minecraft:fall_one_cm":59440}},"DataVersion":3465}