{"stats":{"minecraft:dropped":{"minecraft:stick":1},"minecraft:custom":{"minecraft:jump":84,"minecraft:open_chest":1,"minecraft:time_since_rest":1157,"minecraft:leave_game":1,"minecraft:damage_dealt":20,"minecraft:crouch_one_cm":474,"minecraft:deaths":1,"minecraft:sprint_one_cm":8915,"minecraft:play_time":29727,"minecraft:damage_taken":200,"minecraft:time_since_death":1121,"minecraft:walk_one_cm":27433,"minecraft:sneak_time":105,"minecraft:total_world_time":29727,"minecraft:drop":1,"minecraft:fall_one_cm":5932,"minecraft:fly_one_cm":24633},"minecraft:used":{"ecologics:prickly_pear":1},"minecraft:picked_up":{"minecraft:stick":1,"ecologics:prickly_pear":1}},"DataVersion":3465}