{"stats":{"minecraft:custom":{"minecraft:time_since_rest":580,"minecraft:open_chest":2,"minecraft:crouch_one_cm":1224,"minecraft:sprint_one_cm":24429,"minecraft:play_time":43729,"minecraft:deaths":2,"minecraft:damage_taken":450,"minecraft:walk_one_cm":42696,"minecraft:sneak_time":283,"minecraft:mob_kills":1,"minecraft:drop":2,"minecraft:jump":184,"minecraft:damage_dealt":80,"minecraft:leave_game":1,"minecraft:time_since_death":551,"minecraft:total_world_time":43729,"minecraft:fall_one_cm":10601,"minecraft:fly_one_cm":86747},"minecraft:killed":{"alexsmobs:rain_frog":1},"minecraft:picked_up":{"minecraft:stick":1,"ecologics:prickly_pear":1,"mca:book_romance":1},"minecraft:dropped":{"mca:book_romance":1,"minecraft:stick":1},"minecraft:used":{"ecologics:prickly_pear":1}},"DataVersion":3465}