{"stats":{"minecraft:crafted":{"minecraft:stick":4,"minecraft:wooden_pickaxe":1,"minecraft:stone_pickaxe":1,"minecraft:acacia_planks":12,"blocksplus:jungle_crafting_table":1,"minecraft:jungle_planks":24},"minecraft:custom":{"minecraft:time_since_rest":21538,"minecraft:sprint_one_cm":84820,"minecraft:damage_taken":1021,"minecraft:walk_one_cm":119251,"minecraft:mob_kills":1,"minecraft:drop":5,"minecraft:damage_dealt":80,"minecraft:swim_one_cm":15413,"minecraft:interact_with_crafting_table":2,"minecraft:fly_one_cm":237632,"minecraft:open_barrel":2,"minecraft:open_chest":3,"minecraft:crouch_one_cm":1833,"minecraft:play_time":79729,"minecraft:deaths":4,"minecraft:sneak_time":526,"minecraft:walk_under_water_one_cm":4251,"minecraft:boat_one_cm":121305,"minecraft:jump":723,"minecraft:leave_game":1,"minecraft:time_since_death":21426,"minecraft:walk_on_water_one_cm":3058,"minecraft:total_world_time":79729,"minecraft:fall_one_cm":28327,"minecraft:horse_one_cm":3186},"minecraft:mined":{"iceandfire:silver_ore":6,"minecraft:andesite":6,"blocksplus:jungle_crafting_table":1,"minecraft:acacia_log":3,"minecraft:vine":1,"minecraft:jungle_log":6,"minecraft:stone":109,"minecraft:diorite":1},"minecraft:killed":{"alexsmobs:rain_frog":1},"minecraft:picked_up":{"minecraft:stick":1,"minecraft:crafting_table":1,"minecraft:wheat":3,"minecraft:andesite":6,"minecraft:jungle_log":6,"ecologics:prickly_pear":1,"minecraft:acacia_log":3,"minecraft:diorite":1,"mca:book_romance":1,"blocksplus:jungle_crafting_table":1,"minecraft:bread":32,"iceandfire:raw_silver":6,"minecraft:cobblestone":107},"minecraft:dropped":{"minecraft:bread":16,"mca:book_romance":1,"minecraft:crafting_table":1,"minecraft:wheat":3,"minecraft:stick":1},"minecraft:used":{"minecraft:bread":3,"minecraft:stone_pickaxe":118,"minecraft:wooden_pickaxe":4,"ecologics:prickly_pear":1,"blocksplus:jungle_crafting_table":2}},"DataVersion":3465}