{"stats":{"minecraft:crafted":{"minecraft:acacia_planks":12},"minecraft:custom":{"minecraft:open_barrel":2,"minecraft:time_since_rest":9538,"minecraft:open_chest":3,"minecraft:crouch_one_cm":1793,"minecraft:sprint_one_cm":83585,"minecraft:play_time":67729,"minecraft:deaths":4,"minecraft:damage_taken":1011,"minecraft:walk_one_cm":104980,"minecraft:sneak_time":505,"minecraft:walk_under_water_one_cm":4251,"minecraft:mob_kills":1,"minecraft:boat_one_cm":121305,"minecraft:drop":5,"minecraft:jump":706,"minecraft:damage_dealt":80,"minecraft:leave_game":1,"minecraft:walk_on_water_one_cm":3058,"minecraft:time_since_death":9426,"minecraft:total_world_time":67729,"minecraft:swim_one_cm":15413,"minecraft:fall_one_cm":26829,"minecraft:fly_one_cm":234967,"minecraft:horse_one_cm":3186},"minecraft:mined":{"minecraft:acacia_log":3},"minecraft:killed":{"alexsmobs:rain_frog":1},"minecraft:picked_up":{"minecraft:crafting_table":1,"minecraft:stick":1,"minecraft:wheat":3,"ecologics:prickly_pear":1,"minecraft:acacia_log":3,"minecraft:bread":32,"mca:book_romance":1},"minecraft:dropped":{"mca:book_romance":1,"minecraft:crafting_table":1,"minecraft:wheat":3,"minecraft:stick":1,"minecraft:bread":16},"minecraft:used":{"minecraft:bread":3,"ecologics:prickly_pear":1}},"DataVersion":3465}