{"stats":{"minecraft:crafted":{"minecraft:wooden_pickaxe":1,"minecraft:iron_helmet":1,"minecraft:iron_sword":1,"minecraft:furnace":1,"minecraft:cooked_salmon":9,"minecraft:air":0,"minecraft:jungle_planks":24,"minecraft:iron_boots":1,"minecraft:iron_chestplate":1,"minecraft:stick":12,"minecraft:iron_ingot":25,"minecraft:iron_pickaxe":1,"minecraft:stone_pickaxe":2,"minecraft:stone_sword":1,"minecraft:acacia_planks":12,"blocksplus:jungle_crafting_table":1},"minecraft:custom":{"minecraft:interact_with_smithing_table":2,"minecraft:interact_with_furnace":14,"minecraft:mob_kills":7,"minecraft:interact_with_crafting_table":11,"minecraft:open_barrel":6,"minecraft:leave_game":1,"minecraft:time_since_death":39426,"minecraft:climb_one_cm":185,"minecraft:time_since_rest":39538,"minecraft:sprint_one_cm":102768,"minecraft:damage_taken":1354,"minecraft:walk_one_cm":161951,"minecraft:drop":5,"minecraft:damage_dealt":1180,"minecraft:swim_one_cm":17148,"minecraft:fly_one_cm":266733,"minecraft:open_chest":3,"minecraft:crouch_one_cm":2372,"minecraft:play_time":97729,"minecraft:deaths":4,"minecraft:sneak_time":757,"minecraft:walk_under_water_one_cm":8584,"minecraft:boat_one_cm":121305,"minecraft:jump":962,"minecraft:walk_on_water_one_cm":11078,"minecraft:total_world_time":97729,"minecraft:fall_one_cm":35668,"minecraft:horse_one_cm":3186},"minecraft:broken":{"minecraft:stone_pickaxe":1},"minecraft:mined":{"minecraft:smithing_table":1,"iceandfire:silver_ore":6,"minecraft:acacia_log":3,"excavated_variants:diorite_iron_ore":8,"minecraft:jungle_log":6,"excavated_variants:andesite_iron_ore":14,"excavated_variants:granite_coal_ore":10,"minecraft:diorite":2,"minecraft:furnace":1,"minecraft:iron_ore":13,"minecraft:andesite":6,"blocksplus:jungle_crafting_table":2,"minecraft:coal_ore":24,"minecraft:vine":1,"minecraft:stone":134,"excavated_variants:granite_iron_ore":1,"excavated_variants:diorite_coal_ore":5},"minecraft:killed":{"minecraft:sheep":4,"minecraft:skeleton":1,"alexsmobs:rain_frog":1,"artifacts:mimic":1},"minecraft:picked_up":{"minecraft:crafting_table":1,"minecraft:wheat":3,"minecraft:jungle_log":6,"minecraft:andesite":6,"minecraft:smithing_table":1,"artifacts:onion_ring":1,"mca:book_romance":1,"minecraft:furnace":1,"minecraft:stick":1,"minecraft:raw_iron":36,"ecologics:prickly_pear":1,"minecraft:acacia_log":3,"minecraft:diorite":2,"butchersdelight:deadsheep":4,"blocksplus:jungle_crafting_table":2,"minecraft:gray_wool":1,"minecraft:bread":32,"minecraft:white_wool":3,"minecraft:coal":38,"iceandfire:raw_silver":6,"minecraft:cobblestone":134},"minecraft:dropped":{"minecraft:bread":16,"minecraft:crafting_table":1,"minecraft:wheat":3,"minecraft:stick":1,"mca:book_romance":1},"minecraft:used":{"minecraft:stone_pickaxe":174,"minecraft:wooden_pickaxe":4,"minecraft:iron_sword":19,"minecraft:iron_chestplate":1,"ecologics:prickly_pear":1,"blocksplus:jungle_crafting_table":3,"minecraft:bread":10,"minecraft:iron_pickaxe":47,"minecraft:cobblestone":49,"minecraft:furnace":1,"minecraft:andesite":6}},"DataVersion":3465}