{"stats":{"minecraft:custom":{"minecraft:jump":118,"minecraft:open_chest":1,"minecraft:time_since_rest":3159,"minecraft:damage_dealt":20,"minecraft:damage_taken":400,"minecraft:crouch_one_cm":566,"minecraft:leave_game":1,"minecraft:play_time":31729,"minecraft:sprint_one_cm":14598,"minecraft:time_since_death":3123,"minecraft:walk_one_cm":29071,"minecraft:deaths":1,"minecraft:sneak_time":114,"minecraft:total_world_time":31729,"minecraft:fall_one_cm":6963,"minecraft:drop":1,"minecraft:fly_one_cm":34313},"minecraft:picked_up":{"minecraft:stick":1,"ecologics:prickly_pear":1},"minecraft:dropped":{"minecraft:stick":1},"minecraft:used":{"ecologics:prickly_pear":1}},"DataVersion":3465}