{"stats":{"minecraft:crafted":{"minecraft:acacia_planks":12},"minecraft:custom":{"minecraft:open_barrel":2,"minecraft:time_since_rest":4888,"minecraft:open_chest":2,"minecraft:crouch_one_cm":1568,"minecraft:sprint_one_cm":70917,"minecraft:play_time":55729,"minecraft:deaths":3,"minecraft:damage_taken":811,"minecraft:walk_one_cm":71290,"minecraft:sneak_time":453,"minecraft:walk_under_water_one_cm":3410,"minecraft:mob_kills":1,"minecraft:boat_one_cm":70947,"minecraft:drop":2,"minecraft:jump":543,"minecraft:damage_dealt":80,"minecraft:leave_game":1,"minecraft:walk_on_water_one_cm":2267,"minecraft:time_since_death":4864,"minecraft:total_world_time":55729,"minecraft:swim_one_cm":15413,"minecraft:fall_one_cm":22324,"minecraft:fly_one_cm":202341},"minecraft:mined":{"minecraft:acacia_log":3},"minecraft:killed":{"alexsmobs:rain_frog":1},"minecraft:picked_up":{"minecraft:stick":1,"ecologics:prickly_pear":1,"minecraft:acacia_log":3,"mca:book_romance":1},"minecraft:dropped":{"mca:book_romance":1,"minecraft:stick":1},"minecraft:used":{"ecologics:prickly_pear":1}},"DataVersion":3465}