{"stats":{"minecraft:crafted":{"minecraft:iron_chestplate":1,"minecraft:stick":8,"minecraft:iron_ingot":12,"minecraft:wooden_pickaxe":1,"minecraft:stone_pickaxe":2,"minecraft:stone_sword":1,"minecraft:iron_sword":1,"minecraft:furnace":1,"minecraft:acacia_planks":12,"minecraft:air":0,"blocksplus:jungle_crafting_table":1,"minecraft:jungle_planks":24},"minecraft:custom":{"minecraft:time_since_rest":27538,"minecraft:interact_with_furnace":4,"minecraft:sprint_one_cm":88387,"minecraft:damage_taken":1091,"minecraft:walk_one_cm":133113,"minecraft:mob_kills":2,"minecraft:drop":5,"minecraft:damage_dealt":660,"minecraft:swim_one_cm":15413,"minecraft:interact_with_crafting_table":6,"minecraft:fly_one_cm":249369,"minecraft:open_barrel":2,"minecraft:open_chest":3,"minecraft:crouch_one_cm":2362,"minecraft:play_time":85729,"minecraft:deaths":4,"minecraft:sneak_time":646,"minecraft:walk_under_water_one_cm":4577,"minecraft:boat_one_cm":121305,"minecraft:jump":777,"minecraft:leave_game":1,"minecraft:time_since_death":27426,"minecraft:walk_on_water_one_cm":6840,"minecraft:total_world_time":85729,"minecraft:fall_one_cm":30919,"minecraft:horse_one_cm":3186},"minecraft:broken":{"minecraft:stone_pickaxe":1},"minecraft:mined":{"iceandfire:silver_ore":6,"minecraft:iron_ore":11,"minecraft:andesite":6,"blocksplus:jungle_crafting_table":1,"minecraft:acacia_log":3,"minecraft:coal_ore":1,"minecraft:vine":1,"minecraft:jungle_log":6,"excavated_variants:andesite_iron_ore":8,"minecraft:stone":124,"minecraft:diorite":1,"excavated_variants:diorite_coal_ore":4},"minecraft:killed":{"alexsmobs:rain_frog":1,"artifacts:mimic":1},"minecraft:picked_up":{"minecraft:raw_iron":19,"minecraft:stick":1,"minecraft:crafting_table":1,"minecraft:wheat":3,"minecraft:andesite":6,"minecraft:jungle_log":6,"ecologics:prickly_pear":1,"minecraft:acacia_log":3,"minecraft:diorite":1,"mca:book_romance":1,"blocksplus:jungle_crafting_table":1,"minecraft:bread":32,"minecraft:coal":5,"iceandfire:raw_silver":6,"minecraft:cobblestone":124},"minecraft:dropped":{"minecraft:bread":16,"mca:book_romance":1,"minecraft:crafting_table":1,"minecraft:wheat":3,"minecraft:stick":1},"minecraft:used":{"minecraft:bread":4,"minecraft:stone_pickaxe":157,"minecraft:wooden_pickaxe":4,"minecraft:iron_sword":10,"minecraft:iron_chestplate":1,"minecraft:cobblestone":23,"minecraft:furnace":1,"minecraft:andesite":6,"ecologics:prickly_pear":1,"blocksplus:jungle_crafting_table":2}},"DataVersion":3465}