{"stats":{"minecraft:crafted":{"blocksplus:acacia_crafting_table":1,"minecraft:acacia_planks":16,"minecraft:acacia_boat":1},"minecraft:custom":{"minecraft:open_chest":1,"minecraft:time_since_rest":5626,"minecraft:crouch_one_cm":468,"minecraft:play_time":23485,"minecraft:sprint_one_cm":139471,"minecraft:walk_one_cm":76360,"minecraft:damage_taken":487,"minecraft:deaths":2,"minecraft:sneak_time":102,"minecraft:bell_ring":14,"minecraft:walk_under_water_one_cm":1899,"minecraft:boat_one_cm":75606,"minecraft:drop":1,"minecraft:jump":225,"minecraft:damage_dealt":30,"minecraft:time_since_death":5598,"minecraft:walk_on_water_one_cm":2405,"minecraft:total_world_time":23485,"minecraft:swim_one_cm":9652,"minecraft:interact_with_crafting_table":1,"minecraft:fall_one_cm":5176,"minecraft:fly_one_cm":35129},"minecraft:mined":{"minecraft:grass":3,"minecraft:acacia_log":4,"rocks:sand_rock":1},"minecraft:picked_up":{"minecraft:acacia_log":4,"rocks:sandstone_splitter":1},"minecraft:dropped":{"mca:book_romance":1},"minecraft:used":{"blocksplus:acacia_crafting_table":1,"minecraft:acacia_boat":1,"alexsmobs:animal_dictionary":1}},"DataVersion":3465}