{"stats":{"minecraft:custom":{"minecraft:jump":98,"minecraft:time_since_rest":34,"minecraft:deaths":1,"minecraft:walk_on_water_one_cm":59,"minecraft:damage_dealt":20,"minecraft:crouch_one_cm":431,"minecraft:damage_taken":203,"minecraft:sprint_one_cm":36020,"minecraft:play_time":11485,"minecraft:time_since_death":4,"minecraft:walk_one_cm":27664,"minecraft:bell_ring":14,"minecraft:sneak_time":63,"minecraft:total_world_time":11485,"minecraft:walk_under_water_one_cm":1059,"minecraft:drop":1,"minecraft:fall_one_cm":2966,"minecraft:fly_one_cm":11891},"minecraft:dropped":{"mca:book_romance":1},"minecraft:used":{"alexsmobs:animal_dictionary":1}},"DataVersion":3465}