{"stats":{"minecraft:crafted":{"minecraft:oak_planks":20,"blocksplus:acacia_crafting_table":1,"minecraft:wooden_hoe":1,"minecraft:crafting_table":1,"minecraft:stick":4,"minecraft:wooden_axe":1,"minecraft:acacia_planks":16,"minecraft:acacia_boat":1,"minecraft:bread":35,"minecraft:wheat":99},"minecraft:custom":{"minecraft:time_since_rest":17626,"minecraft:sprint_one_cm":178118,"minecraft:damage_taken":737,"minecraft:walk_one_cm":136540,"minecraft:drop":3,"minecraft:damage_dealt":300,"minecraft:swim_one_cm":11658,"minecraft:interact_with_crafting_table":6,"minecraft:fly_one_cm":42059,"minecraft:open_chest":1,"minecraft:crouch_one_cm":683,"minecraft:play_time":35485,"minecraft:deaths":2,"minecraft:bell_ring":14,"minecraft:sneak_time":178,"minecraft:walk_under_water_one_cm":2829,"minecraft:boat_one_cm":146752,"minecraft:jump":312,"minecraft:walk_on_water_one_cm":5315,"minecraft:time_since_death":17598,"minecraft:total_world_time":35485,"minecraft:fall_one_cm":6070},"minecraft:mined":{"minecraft:hay_block":11,"minecraft:wheat":14,"minecraft:crafting_table":2,"minecraft:grass":3,"minecraft:acacia_log":4,"minecraft:oak_log":5,"minecraft:beetroots":6,"rocks:sand_rock":1},"minecraft:picked_up":{"minecraft:crafting_table":2,"minecraft:wheat":11,"minecraft:acacia_log":4,"minecraft:oak_log":5,"rocks:sandstone_splitter":1,"minecraft:wooden_hoe":1,"butchersdelight:dead_cow":2,"minecraft:beetroot_seeds":6,"minecraft:wheat_seeds":35,"minecraft:hay_block":11},"minecraft:dropped":{"minecraft:bread":16,"mca:book_romance":1,"minecraft:wooden_hoe":1},"minecraft:used":{"minecraft:wooden_axe":22,"minecraft:acacia_boat":1,"minecraft:bread":4,"minecraft:rotten_flesh":4,"blocksplus:acacia_crafting_table":1,"minecraft:crafting_table":2,"alexsmobs:animal_dictionary":1}},"DataVersion":3465}