{"stats":{"minecraft:crafted":{"minecraft:oak_planks":20,"blocksplus:acacia_crafting_table":1,"minecraft:wooden_hoe":1,"minecraft:dark_oak_boat":1,"minecraft:crafting_table":1,"minecraft:stick":8,"minecraft:wooden_pickaxe":2,"minecraft:wooden_axe":1,"minecraft:acacia_planks":16,"minecraft:dark_oak_planks":12,"minecraft:acacia_boat":1,"minecraft:bread":35,"minecraft:wheat":99},"minecraft:custom":{"minecraft:time_since_rest":35626,"minecraft:sprint_one_cm":328323,"minecraft:damage_taken":1045,"minecraft:walk_one_cm":178859,"minecraft:mob_kills":3,"minecraft:drop":3,"minecraft:damage_dealt":541,"minecraft:swim_one_cm":15866,"minecraft:interact_with_crafting_table":14,"minecraft:fly_one_cm":83735,"minecraft:open_chest":1,"minecraft:crouch_one_cm":683,"minecraft:play_time":53485,"minecraft:deaths":2,"minecraft:bell_ring":14,"minecraft:sneak_time":178,"minecraft:walk_under_water_one_cm":3023,"minecraft:boat_one_cm":272752,"minecraft:jump":612,"minecraft:walk_on_water_one_cm":6645,"minecraft:time_since_death":35598,"minecraft:climb_one_cm":45,"minecraft:total_world_time":53485,"minecraft:fall_one_cm":11498},"minecraft:broken":{"minecraft:wooden_axe":1},"minecraft:mined":{"minecraft:hay_block":11,"twigs:pebble":1,"neapolitan:banana_bundle":1,"minecraft:wheat":14,"minecraft:dark_oak_log":4,"neapolitan:banana_stalk":4,"minecraft:crafting_table":5,"minecraft:grass_block":1,"minecraft:coal_ore":6,"minecraft:grass":4,"minecraft:melon":1,"minecraft:acacia_log":4,"minecraft:oak_log":5,"minecraft:cocoa":2,"minecraft:beetroots":6,"rocks:sand_rock":1,"minecraft:tall_grass":3,"minecraft:stone":10},"minecraft:killed":{"minecraft:sheep":3},"minecraft:picked_up":{"minecraft:cocoa_beans":6,"minecraft:crafting_table":5,"minecraft:wheat":11,"minecraft:acacia_log":4,"minecraft:oak_log":5,"rocks:sandstone_splitter":1,"minecraft:dark_oak_log":3,"minecraft:dirt":1,"minecraft:wooden_hoe":1,"butchersdelight:deadsheep":3,"neapolitan:banana_stalk":4,"neapolitan:banana_frond":22,"butchersdelight:dead_cow":2,"minecraft:beetroot_seeds":6,"minecraft:wheat_seeds":36,"twigs:pebble":1,"minecraft:hay_block":11,"minecraft:melon_slice":6,"minecraft:black_wool":2,"minecraft:oak_planks":3,"minecraft:coal":6,"minecraft:white_wool":1,"minecraft:cobblestone":10},"minecraft:dropped":{"minecraft:bread":16,"mca:book_romance":1,"minecraft:wooden_hoe":1},"minecraft:used":{"minecraft:wooden_axe":49,"minecraft:acacia_boat":1,"minecraft:bread":11,"minecraft:wooden_pickaxe":18,"minecraft:rotten_flesh":4,"blocksplus:acacia_crafting_table":1,"minecraft:dark_oak_boat":1,"minecraft:crafting_table":5,"alexsmobs:animal_dictionary":1}},"DataVersion":3465}