{"stats":{"minecraft:used":{"minecraft:crafting_table":1,"minecraft:light_gray_wool":1},"minecraft:crafted":{"minecraft:acacia_planks":44,"minecraft:crafting_table":1},"minecraft:mined":{"minecraft:short_grass":169,"minecraft:acacia_log":11,"minecraft:tall_grass":4},"minecraft:picked_up":{"minecraft:stick":6,"minecraft:wooden_sword":2,"minecraft:chicken":26,"minecraft:feather":13,"minecraft:bone":16,"minecraft:arrow":8,"minecraft:rotten_flesh":7,"minecraft:glow_ink_sac":8,"minecraft:leather":4,"minecraft:wheat_seeds":25,"minecraft:acacia_log":22,"minecraft:porkchop":11,"minecraft:beef":12,"minecraft:ink_sac":22,"minecraft:light_gray_wool":1,"minecraft:gunpowder":4,"minecraft:mutton":3,"minecraft:white_wool":2,"minecraft:dirt":3,"minecraft:acacia_sapling":4,"minecraft:rail":2},"minecraft:custom":{"minecraft:time_since_rest":1995,"minecraft:crouch_one_cm":87,"minecraft:play_time":10714,"minecraft:sprint_one_cm":38120,"minecraft:deaths":2,"minecraft:damage_taken":10460,"minecraft:walk_one_cm":79701,"minecraft:sneak_time":118,"minecraft:walk_under_water_one_cm":1143,"minecraft:mob_kills":3,"minecraft:jump":264,"minecraft:damage_dealt":418,"minecraft:leave_game":1,"minecraft:walk_on_water_one_cm":1734,"minecraft:time_since_death":1962,"minecraft:total_world_time":10714,"minecraft:interact_with_crafting_table":1,"minecraft:fall_one_cm":107868,"minecraft:fly_one_cm":114095},"minecraft:killed":{"minecraft:cow":2}},"DataVersion":3953}