[
  {
    "uuid": "9793b203-ebbb-39c2-be4c-dac7a1242b50",
    "displayName": {
      "insertion": "ELMACHAKITO",
      "clickEvent": {
        "action": "suggest_command",
        "value": "/tell ELMACHAKITO "
      },
      "hoverEvent": {
        "action": "show_entity",
        "contents": {
          "type": "minecraft:player",
          "id": "9793b203-ebbb-39c2-be4c-dac7a1242b50",
          "name": {
            "text": "ELMACHAKITO"
          }
        }
      },
      "extra": [
        {
          "text": "ELMACHAKITO"
        }
      ],
      "text": ""
    },
    "animation": "null"
  }
]