[
  {
    "uuid": "95da6a11-c44c-4073-ba5c-cfdb085df09a",
    "displayName": {
      "insertion": "ELMACHAKITO",
      "clickEvent": {
        "action": "suggest_command",
        "value": "/tell ELMACHAKITO "
      },
      "hoverEvent": {
        "action": "show_entity",
        "contents": {
          "type": "minecraft:player",
          "id": "95da6a11-c44c-4073-ba5c-cfdb085df09a",
          "name": {
            "text": "ELMACHAKITO"
          }
        }
      },
      "extra": [
        {
          "text": "ELMACHAKITO"
        }
      ],
      "text": ""
    },
    "animation": "null"
  }
]