[
  {
    "uuid": "a6f484a9-919a-473a-9a5b-8d291f41f52c",
    "displayName": {
      "insertion": "danniss",
      "clickEvent": {
        "action": "suggest_command",
        "value": "/tell danniss "
      },
      "hoverEvent": {
        "action": "show_entity",
        "contents": {
          "type": "minecraft:player",
          "id": "a6f484a9-919a-473a-9a5b-8d291f41f52c",
          "name": {
            "text": "danniss"
          }
        }
      },
      "extra": [
        {
          "text": "danniss"
        }
      ],
      "text": ""
    },
    "animation": "null"
  },
  {
    "uuid": "1c77415b-50a1-3767-92e0-e02955323922",
    "displayName": {
      "insertion": "danniss",
      "clickEvent": {
        "action": "suggest_command",
        "value": "/tell danniss "
      },
      "hoverEvent": {
        "action": "show_entity",
        "contents": {
          "type": "minecraft:player",
          "id": "1c77415b-50a1-3767-92e0-e02955323922",
          "name": {
            "text": "danniss"
          }
        }
      },
      "extra": [
        {
          "text": "danniss"
        }
      ],
      "text": ""
    },
    "animation": "null"
  },
  {
    "uuid": "95da6a11-c44c-4073-ba5c-cfdb085df09a",
    "displayName": {
      "insertion": "ELMACHAKITO",
      "clickEvent": {
        "action": "suggest_command",
        "value": "/tell ELMACHAKITO "
      },
      "hoverEvent": {
        "action": "show_entity",
        "contents": {
          "type": "minecraft:player",
          "id": "95da6a11-c44c-4073-ba5c-cfdb085df09a",
          "name": {
            "text": "ELMACHAKITO"
          }
        }
      },
      "extra": [
        {
          "text": "ELMACHAKITO"
        }
      ],
      "text": ""
    },
    "animation": "null"
  },
  {
    "uuid": "9793b203-ebbb-39c2-be4c-dac7a1242b50",
    "displayName": {
      "insertion": "ELMACHAKITO",
      "clickEvent": {
        "action": "suggest_command",
        "value": "/tell ELMACHAKITO "
      },
      "hoverEvent": {
        "action": "show_entity",
        "contents": {
          "type": "minecraft:player",
          "id": "9793b203-ebbb-39c2-be4c-dac7a1242b50",
          "name": {
            "text": "ELMACHAKITO"
          }
        }
      },
      "extra": [
        {
          "text": "ELMACHAKITO"
        }
      ],
      "text": ""
    },
    "animation": "null"
  }
]